contentid,contentname,quizcontent,isgraded,moduleid
1,Elevator Quizes,"[{'"name'": '"Elevator Quizes Quiz #n'", '"questions'": [{'"stem'": '"mixed question?'", '"type'": '"mixed'", '"marks'": 4, '"choices'": '"Custom'", '"correctAnswer'": 2}, {'"stem'": '"mixed question?'", '"type'": '"mixed'", '"marks'": 4, '"choices'": '"Custom'", '"correctAnswer'": 4}, {'"stem'": '"mixed question?'", '"type'": '"mixed'", '"marks'": 3, '"choices'": '"Custom'", '"correctAnswer'": 1}]}, {'"name'": '"Elevator Quizes Quiz #n'", '"questions'": [{'"stem'": '"fill-the-blank question?'", '"type'": '"fill-the-blank'", '"marks'": 2, '"choices'": '"n textboxes for each blank'", '"correctAnswer'": 4}, {'"stem'": '"mixed question?'", '"type'": '"mixed'", '"marks'": 4, '"choices'": '"Custom'", '"correctAnswer'": 2}, {'"stem'": '"mixed question?'", '"type'": '"mixed'", '"marks'": 4, '"choices'": '"Custom'", '"correctAnswer'": 2}, {'"stem'": '"multiple-choice question?'", '"type'": '"multiple-choice'", '"marks'": 4, '"choices'": '"n multiple choice options'", '"correctAnswer'": 2}]}, {'"name'": '"Elevator Quizes Quiz #n'", '"questions'": [{'"stem'": '"mixed question?'", '"type'": '"mixed'", '"marks'": 2, '"choices'": '"Custom'", '"correctAnswer'": 2}]}]",f,4
2,Electrical and Fire Alarm Quizes,"[{'"name'": '"Electrical and Fire Alarm Quizes Quiz #n'", '"questions'": [{'"stem'": '"multiple-choice question?'", '"type'": '"multiple-choice'", '"marks'": 3, '"choices'": '"n multiple choice options'", '"correctAnswer'": 4}, {'"stem'": '"mixed question?'", '"type'": '"mixed'", '"marks'": 3, '"choices'": '"Custom'", '"correctAnswer'": 1}, {'"stem'": '"mixed question?'", '"type'": '"mixed'", '"marks'": 1, '"choices'": '"Custom'", '"correctAnswer'": 3}]}, {'"name'": '"Electrical and Fire Alarm Quizes Quiz #n'", '"questions'": [{'"stem'": '"mixed question?'", '"type'": '"mixed'", '"marks'": 3, '"choices'": '"Custom'", '"correctAnswer'": 1}, {'"stem'": '"mixed question?'", '"type'": '"mixed'", '"marks'": 3, '"choices'": '"Custom'", '"correctAnswer'": 3}, {'"stem'": '"mixed question?'", '"type'": '"mixed'", '"marks'": 1, '"choices'": '"Custom'", '"correctAnswer'": 1}]}, {'"name'": '"Electrical and Fire Alarm Quizes Quiz #n'", '"questions'": [{'"stem'": '"mixed question?'", '"type'": '"mixed'", '"marks'": 2, '"choices'": '"Custom'", '"correctAnswer'": 4}]}, {'"name'": '"Electrical and Fire Alarm Quizes Quiz #n'", '"questions'": [{'"stem'": '"mixed question?'", '"type'": '"mixed'", '"marks'": 1, '"choices'": '"Custom'", '"correctAnswer'": 4}, {'"stem'": '"mixed question?'", '"type'": '"mixed'", '"marks'": 4, '"choices'": '"Custom'", '"correctAnswer'": 3}, {'"stem'": '"mixed question?'", '"type'": '"mixed'", '"marks'": 1, '"choices'": '"Custom'", '"correctAnswer'": 3}]}]",t,6
3,Epoxy Flooring Quizes,"[{'"name'": '"Epoxy Flooring Quizes Quiz #n'", '"questions'": [{'"stem'": '"mixed question?'", '"type'": '"mixed'", '"marks'": 1, '"choices'": '"Custom'", '"correctAnswer'": 2}, {'"stem'": '"multiple-choice question?'", '"type'": '"multiple-choice'", '"marks'": 3, '"choices'": '"n multiple choice options'", '"correctAnswer'": 2}, {'"stem'": '"mixed question?'", '"type'": '"mixed'", '"marks'": 3, '"choices'": '"Custom'", '"correctAnswer'": 2}, {'"stem'": '"mixed question?'", '"type'": '"mixed'", '"marks'": 2, '"choices'": '"Custom'", '"correctAnswer'": 1}, {'"stem'": '"mixed question?'", '"type'": '"mixed'", '"marks'": 1, '"choices'": '"Custom'", '"correctAnswer'": 2}]}, {'"name'": '"Epoxy Flooring Quizes Quiz #n'", '"questions'": [{'"stem'": '"mixed question?'", '"type'": '"mixed'", '"marks'": 3, '"choices'": '"Custom'", '"correctAnswer'": 4}]}]",f,10
4,Soft Flooring and Base Quizes,"[{'"name'": '"Soft Flooring and Base Quizes Quiz #n'", '"questions'": [{'"stem'": '"mixed question?'", '"type'": '"mixed'", '"marks'": 4, '"choices'": '"Custom'", '"correctAnswer'": 1}, {'"stem'": '"mixed question?'", '"type'": '"mixed'", '"marks'": 4, '"choices'": '"Custom'", '"correctAnswer'": 2}, {'"stem'": '"mixed question?'", '"type'": '"mixed'", '"marks'": 1, '"choices'": '"Custom'", '"correctAnswer'": 1}]}, {'"name'": '"Soft Flooring and Base Quizes Quiz #n'", '"questions'": [{'"stem'": '"mixed question?'", '"type'": '"mixed'", '"marks'": 2, '"choices'": '"Custom'", '"correctAnswer'": 1}]}]",f,7
5,Framing (Steel) Quizes,"[{'"name'": '"Framing (Steel) Quizes Quiz #n'", '"questions'": [{'"stem'": '"mixed question?'", '"type'": '"mixed'", '"marks'": 3, '"choices'": '"Custom'", '"correctAnswer'": 4}, {'"stem'": '"long-answer question?'", '"type'": '"long-answer'", '"marks'": 3, '"choices'": '"text'", '"correctAnswer'": 4}, {'"stem'": '"mixed question?'", '"type'": '"mixed'", '"marks'": 4, '"choices'": '"Custom'", '"correctAnswer'": 3}, {'"stem'": '"mixed question?'", '"type'": '"mixed'", '"marks'": 3, '"choices'": '"Custom'", '"correctAnswer'": 3}]}]",t,5
6,"Temp Fencing, Decorative Fencing and Gates Quizes","[{'"name'": '"Temp Fencing, Decorative Fencing and Gates Quizes Quiz #n'", '"questions'": [{'"stem'": '"mixed question?'", '"type'": '"mixed'", '"marks'": 3, '"choices'": '"Custom'", '"correctAnswer'": 2}, {'"stem'": '"mixed question?'", '"type'": '"mixed'", '"marks'": 1, '"choices'": '"Custom'", '"correctAnswer'": 4}, {'"stem'": '"mixed question?'", '"type'": '"mixed'", '"marks'": 1, '"choices'": '"Custom'", '"correctAnswer'": 4}, {'"stem'": '"mixed question?'", '"type'": '"mixed'", '"marks'": 4, '"choices'": '"Custom'", '"correctAnswer'": 2}]}]",f,9
7,Epoxy Flooring Quizes,"[{'"name'": '"Epoxy Flooring Quizes Quiz #n'", '"questions'": [{'"stem'": '"mixed question?'", '"type'": '"mixed'", '"marks'": 1, '"choices'": '"Custom'", '"correctAnswer'": 3}, {'"stem'": '"mixed question?'", '"type'": '"mixed'", '"marks'": 4, '"choices'": '"Custom'", '"correctAnswer'": 1}, {'"stem'": '"mixed question?'", '"type'": '"mixed'", '"marks'": 3, '"choices'": '"Custom'", '"correctAnswer'": 2}, {'"stem'": '"mixed question?'", '"type'": '"mixed'", '"marks'": 3, '"choices'": '"Custom'", '"correctAnswer'": 3}]}, {'"name'": '"Epoxy Flooring Quizes Quiz #n'", '"questions'": [{'"stem'": '"mixed question?'", '"type'": '"mixed'", '"marks'": 3, '"choices'": '"Custom'", '"correctAnswer'": 3}, {'"stem'": '"long-answer question?'", '"type'": '"long-answer'", '"marks'": 3, '"choices'": '"text'", '"correctAnswer'": 2}, {'"stem'": '"mixed question?'", '"type'": '"mixed'", '"marks'": 1, '"choices'": '"Custom'", '"correctAnswer'": 3}]}, {'"name'": '"Epoxy Flooring Quizes Quiz #n'", '"questions'": [{'"stem'": '"mixed question?'", '"type'": '"mixed'", '"marks'": 4, '"choices'": '"Custom'", '"correctAnswer'": 3}]}]",t,1
8,"Temp Fencing, Decorative Fencing and Gates Quizes","[{'"name'": '"Temp Fencing, Decorative Fencing and Gates Quizes Quiz #n'", '"questions'": [{'"stem'": '"mixed question?'", '"type'": '"mixed'", '"marks'": 4, '"choices'": '"Custom'", '"correctAnswer'": 4}, {'"stem'": '"mixed question?'", '"type'": '"mixed'", '"marks'": 4, '"choices'": '"Custom'", '"correctAnswer'": 3}, {'"stem'": '"multiple-choice question?'", '"type'": '"multiple-choice'", '"marks'": 3, '"choices'": '"n multiple choice options'", '"correctAnswer'": 1}, {'"stem'": '"mixed question?'", '"type'": '"mixed'", '"marks'": 1, '"choices'": '"Custom'", '"correctAnswer'": 2}]}, {'"name'": '"Temp Fencing, Decorative Fencing and Gates Quizes Quiz #n'", '"questions'": [{'"stem'": '"mixed question?'", '"type'": '"mixed'", '"marks'": 4, '"choices'": '"Custom'", '"correctAnswer'": 2}]}, {'"name'": '"Temp Fencing, Decorative Fencing and Gates Quizes Quiz #n'", '"questions'": [{'"stem'": '"mixed question?'", '"type'": '"mixed'", '"marks'": 4, '"choices'": '"Custom'", '"correctAnswer'": 1}, {'"stem'": '"mixed question?'", '"type'": '"mixed'", '"marks'": 3, '"choices'": '"Custom'", '"correctAnswer'": 3}, {'"stem'": '"long-answer question?'", '"type'": '"long-answer'", '"marks'": 1, '"choices'": '"text'", '"correctAnswer'": 4}, {'"stem'": '"mixed question?'", '"type'": '"mixed'", '"marks'": 4, '"choices'": '"Custom'", '"correctAnswer'": 3}, {'"stem'": '"mixed question?'", '"type'": '"mixed'", '"marks'": 3, '"choices'": '"Custom'", '"correctAnswer'": 2}]}]",t,9
9,Epoxy Flooring Quizes,"[{'"name'": '"Epoxy Flooring Quizes Quiz #n'", '"questions'": [{'"stem'": '"multiple-choice question?'", '"type'": '"multiple-choice'", '"marks'": 2, '"choices'": '"n multiple choice options'", '"correctAnswer'": 4}, {'"stem'": '"mixed question?'", '"type'": '"mixed'", '"marks'": 1, '"choices'": '"Custom'", '"correctAnswer'": 1}, {'"stem'": '"mixed question?'", '"type'": '"mixed'", '"marks'": 3, '"choices'": '"Custom'", '"correctAnswer'": 1}, {'"stem'": '"short-answer question?'", '"type'": '"short-answer'", '"marks'": 4, '"choices'": '"text'", '"correctAnswer'": 1}, {'"stem'": '"mixed question?'", '"type'": '"mixed'", '"marks'": 2, '"choices'": '"Custom'", '"correctAnswer'": 3}]}, {'"name'": '"Epoxy Flooring Quizes Quiz #n'", '"questions'": [{'"stem'": '"mixed question?'", '"type'": '"mixed'", '"marks'": 2, '"choices'": '"Custom'", '"correctAnswer'": 4}]}, {'"name'": '"Epoxy Flooring Quizes Quiz #n'", '"questions'": [{'"stem'": '"mixed question?'", '"type'": '"mixed'", '"marks'": 3, '"choices'": '"Custom'", '"correctAnswer'": 2}]}]",f,10
10,Epoxy Flooring Quizes,"[{'"name'": '"Epoxy Flooring Quizes Quiz #n'", '"questions'": [{'"stem'": '"mixed question?'", '"type'": '"mixed'", '"marks'": 4, '"choices'": '"Custom'", '"correctAnswer'": 4}, {'"stem'": '"mixed question?'", '"type'": '"mixed'", '"marks'": 3, '"choices'": '"Custom'", '"correctAnswer'": 2}, {'"stem'": '"long-answer question?'", '"type'": '"long-answer'", '"marks'": 1, '"choices'": '"text'", '"correctAnswer'": 4}, {'"stem'": '"mixed question?'", '"type'": '"mixed'", '"marks'": 3, '"choices'": '"Custom'", '"correctAnswer'": 4}]}, {'"name'": '"Epoxy Flooring Quizes Quiz #n'", '"questions'": [{'"stem'": '"fill-the-blank question?'", '"type'": '"fill-the-blank'", '"marks'": 2, '"choices'": '"n textboxes for each blank'", '"correctAnswer'": 3}, {'"stem'": '"mixed question?'", '"type'": '"mixed'", '"marks'": 4, '"choices'": '"Custom'", '"correctAnswer'": 2}, {'"stem'": '"mixed question?'", '"type'": '"mixed'", '"marks'": 4, '"choices'": '"Custom'", '"correctAnswer'": 2}, {'"stem'": '"mixed question?'", '"type'": '"mixed'", '"marks'": 2, '"choices'": '"Custom'", '"correctAnswer'": 3}, {'"stem'": '"mixed question?'", '"type'": '"mixed'", '"marks'": 1, '"choices'": '"Custom'", '"correctAnswer'": 3}]}]",t,1
